{"ag+GNWn5pnkADUFQ8Ccd1w==":"logo-96x19.png","OHniPRsaTzGmt4bQeRR6kA==":"logo2-485x121.png","1wSpyLrbGp32bCr9DuMF2w==":"logo2-1-485x121.png","1YNm0lSEZTItUDLMfxgq4A==":"logo3-384x96.png","Cl+vOarhLHIiRQ66u/OvGQ==":"logo4-384x96.png","rb0gefK1ZQb7qPX1nyyX1A==":"logo5-384x96.png","mVcXZsa1k2e3Lcby0cOfDQ==":"nerds%20the%20sequel-1621x663.png","XTkrl3gTqxP9Nysm76Jsqg==":"people-6-1828x640.png","di9xY3F29Se/obdlrgsWfQ==":"great%20people-2000x2000.png","LHSJblQxZcpPG/oylM5fCQ==":"nerd-1076x605.png","rzVoGYHiItJF6TfwNf7Wug==":"demo1-506x506.png","krve03tnS7Pj9KzVR4cSBw==":"demo1%202-378x449.png","kvK61Pp3sB+aW+yhPl9YwQ==":"demo2-506x601.png","p3Heg/wUw9152LmXkcTEgg==":"demo2-1-506x601.png","1vCeM3E1b7z6Ckeo3Yschw==":"demo3-378x449.png","FaRNroFzhY52oXDDp1brnA==":"demo3-1-378x449.png","pTBQxqYb8e6Q4vtNUlTM7A==":"demo3-2-378x449.png","U1TjuBctZB3wauRteBK+ag==":"person%20blue-1076x605.png","1alECgoprZEmZG0lN8DFMw==":"demo1%202-378x449.png","FNJG50YgT+xV/6xuvWTQlg==":"demo3%20(1)-506x601.png","qhl8G0hBo3gBYlGhbVBRrg==":"roblox%20thumbnail-506x285.png","mzVi6Iq8nY1+2npQGPDWfQ==":"roblox%20thumbnail-960x540.png","03UWejz5usaWWu57XWmnuw==":"larger%20pattern-1820x1813.png","e6bhrHJUH+0TXRzekkyg0A==":"person%20blue%202-1076x605.png","3ewPvM/VNnuuGOVWSZYljg==":"person%20blue%202%20compressed-811x456.png","H/qwteBwMse8f02s2M8Qmw==":"demo%205%202%20(1)-506x603.png","MTLl9HhITGdxX+w4r0ggbQ==":"demo%207-506x601.png","Zssr91bQrHogJwIUoeNv7w==":"demo%209-506x601.png","rXE110bvHRqFn7/ABKQOqw==":"mbr-1360x1920.jpeg","9b0p9g+yA68aYPpJrweYxg==":"phones-839x823.png","BXQT9fewvD4fqYk+cKVy9A==":"phones-874x925.png","mUDw5bTvOLmb8lKZW6Pu0Q==":"phones-785x855.png","nJmiscyEDSIdrvPCZXAwhg==":"phones-785x855.jpg","JURM0rh5cA3ufRMHM24V3w==":"phones-750x750.jpg","GxVmYaGOiClS+WL609YsnA==":"phones-1-750x750.jpg","Ccx0a0EWbwuxWANFnkim1w==":"phones-2-750x750.jpg","f5KeITwj464GMhU/EwnMyA==":"post%203%20a-1372x772.png","sQqo6ezhdKb+zd0wT4K8vQ==":"455-537x702.png","+HSNDC+y9AwGdAQF3mJLlQ==":"455-537x702.jpg","83ZwQkOQkUn1y9t8j9CFXg==":"true45-403x527.jpg","xHdG644BVhv5j95AI88aqg==":"we%20verified%202-439x166.png","IR50eEAa/gjv9e3Jv2cWTg==":"background5.jpg","0BXxieSxR0Ch9tx+IoMDhA==":"we%20verified%203-263x100.png","QV/h53Bx1lfn9F5OaU+tgQ==":"120-500x500.png","tzNjfw467wvq4cxU519xIw==":"120%202-500x500.png","8GBdZMBSLaiABJov72PUtw==":"120%203-500x500.png","sDg5mCSoQbplPZzMtIjqXQ==":"graph-512x342.png","ipBFYOnstR0GNktegpXy7Q==":"botverified-340x164.png","0nplXgHKWn89mNoVcMUlaQ==":"botverified-1-340x164.png"}